c8f9ac8, 2023-12-18, Update changelogs [skip ci]
676c461, 2023-12-19, docs: Update docs to remove PoolConfig references
e0cda3b, 2023-12-18, Update changelogs [skip ci]
2db47ff, 2023-12-18, release: 3.0.6
2c81915, 2023-12-18, fix: Remove obsolete dependency
7c42bd8, 2023-12-18, Update changelogs [skip ci]
9ba1719, 2023-12-18, fix: Remove obsolete fly and listenerconfigs
27394f4, 2023-12-18, fix: Deprecate unused modules
e80815d, 2023-12-18, docs: Documentation for all public methods
7e632e1, 2023-12-17, Update changelogs [skip ci]
16e44e6, 2023-12-17, Update changelogs [skip ci]
2d6c171, 2023-12-16, chore: Fix up release commands
77be938, 2023-12-16, 3.0.4
9db9999, 2023-12-16, updated CHANGELOG.md
bf1c307, 2023-12-16, fix: Allow services to start idempotently
8675de7, 2023-12-15, 3.0.3
afe3cfe, 2023-12-15, updated CHANGELOG.md
e431ff3, 2023-12-15, fix: Allow parallel function executions upto concurrency limit
b042b0b, 2023-12-14, 3.0.2
b344521, 2023-12-14, updated CHANGELOG.md
ec29dd2, 2023-12-14, fix: Fix types to be more strict on call and background
f0b282e, 2023-12-13, updated CHANGELOG.md
b04fa38, 2023-12-13, test: Fixing tests in ci
3fa0702, 2023-12-12, chore: Configure monorepo-wide CI
234826a, 2023-12-12, chore: Update package version
9c8c649, 2023-12-12, updated CHANGELOG.md
e36cde5, 2023-12-12, style: Move to new dir structure